[
    {
        "id": "simple_installation",
        "name": "简单互动装置",
        "description": "创建一个基础的互动艺术装置，使用简单的传感器和投影技术。",
        "requirements": {
            "theory": 15,
            "social": 10,
            "funding": 20
        },
        "effects": {
            "theory": 20,
            "confusion": 25,
            "social": 15,
            "funding": -18
        },
        "achievement": {
            "name": "装置艺术家",
            "description": "完成了第一个互动艺术装置"
        }
    },
    {
        "id": "digital_collage",
        "name": "数字拼贴实验",
        "description": "使用AI工具创作数字拼贴作品，探索人机协作的创作模式。",
        "requirements": {
            "theory": 20,
            "social": 15,
            "funding": 15
        },
        "effects": {
            "theory": 25,
            "confusion": 30,
            "social": 20,
            "funding": -12
        },
        "achievement": {
            "name": "数字艺术家",
            "description": "掌握了基础的数字创作技能"
        }
    },
    {
        "id": "social_media_art",
        "name": "社交媒体艺术",
        "description": "在社交平台上进行艺术实验，研究网络文化和传播机制。",
        "requirements": {
            "theory": 10,
            "social": 25,
            "funding": 8
        },
        "effects": {
            "theory": 15,
            "confusion": 20,
            "social": 30,
            "funding": -5
        },
        "achievement": {
            "name": "网络先锋",
            "description": "在社交媒体上引起了艺术讨论"
        }
    },
    {
        "id": "neural_network_art",
        "name": "神经网络批判项目",
        "description": "创建一个反向训练的AI系统，通过故意制造数据偏差来揭示机器学习中的意识形态倾向。",
        "requirements": {
            "theory": 40,
            "social": 20,
            "funding": 35
        },
        "effects": {
            "theory": 35,
            "confusion": 45,
            "social": 25,
            "funding": -30
        },
        "achievement": {
            "name": "算法解构者",
            "description": "成功让一个AI系统产生了存在主义危机"
        }
    },
    {
        "id": "anthropocene_archive",
        "name": "人类世档案馆",
        "description": "记录和保存即将消失的生态系统，用多种媒介进行归档。",
        "requirements": {
            "theory": 35,
            "social": 25,
            "funding": 40
        },
        "effects": {
            "theory": 30,
            "confusion": 35,
            "social": 30,
            "funding": -35
        },
        "achievement": {
            "name": "末日记录者",
            "description": "用艺术手段记录了一个生态系统的完整消亡过程"
        }
    },
    {
        "id": "quantum_poetry",
        "name": "量子诗学实验",
        "description": "基于量子纠缠原理创作的文本生成系统，文本内容会根据读者的观察行为实时改变。",
        "requirements": {
            "theory": 45,
            "social": 18,
            "funding": 35
        },
        "effects": {
            "theory": 40,
            "confusion": 50,
            "social": 20,
            "funding": -30
        },
        "achievement": {
            "name": "量子诗人",
            "description": "创造了一首同时包含所有可能意义的诗"
        }
    },
    {
        "id": "biodata_symphony",
        "name": "生物数据交响曲",
        "description": "将濒危物种的基因数据转化为音乐作品，在保持数据准确性的同时具备音乐美学价值。",
        "requirements": {
            "theory": 38,
            "social": 20,
            "funding": 30
        },
        "effects": {
            "theory": 30,
            "confusion": 40,
            "social": 25,
            "funding": -25
        },
        "achievement": {
            "name": "基因作曲家",
            "description": "用CRISPR序列谱写了一首交响曲"
        }
    },
    {
        "id": "time_crystallization",
        "name": "时间结晶研究",
        "description": "创造一个违反热力学第二定律的艺术系统，探索时间的非线性特性。",
        "requirements": {
            "theory": 50,
            "social": 15,
            "funding": 45
        },
        "effects": {
            "theory": 45,
            "confusion": 50,
            "social": 15,
            "funding": -40
        },
        "achievement": {
            "name": "时间炼金术士",
            "description": "成功在实验室中逆转了熵增过程"
        }
    },
    {
        "id": "cybernetic_ecology",
        "name": "控制论生态系统",
        "description": "构建一个基于反馈循环的生态艺术系统，包含活体植物、传感器网络和机器学习算法。",
        "requirements": {
            "theory": 42,
            "social": 18,
            "funding": 50
        },
        "effects": {
            "theory": 35,
            "confusion": 40,
            "social": 25,
            "funding": -45
        },
        "achievement": {
            "name": "生态工程师",
            "description": "创造了一个能自我进化的人工生态系统"
        }
    },
    {
        "id": "recursive_reality",
        "name": "递归现实项目",
        "description": "创建一个无限嵌套的虚拟现实空间，每层空间都是更高层次空间的模拟。",
        "requirements": {
            "theory": 48,
            "social": 20,
            "funding": 55
        },
        "effects": {
            "theory": 40,
            "confusion": 55,
            "social": 20,
            "funding": -50
        },
        "achievement": {
            "name": "现实折叠者",
            "description": "成功让观众在递归空间中迷失了自我"
        }
    },
    {
        "id": "holographic_memory",
        "name": "全息记忆研究",
        "description": "利用量子全息技术记录集体无意识，要求参与者同步脑电波并生成视觉化数据。",
        "requirements": {
            "theory": 45,
            "social": 25,
            "funding": 50
        },
        "effects": {
            "theory": 35,
            "confusion": 50,
            "social": 30,
            "funding": -45
        },
        "achievement": {
            "name": "意识采集者",
            "description": "成功将一个世纪的集体记忆压缩在一个量子比特中"
        }
    },
    {
        "id": "linguistic_virus",
        "name": "语言病毒项目",
        "description": "创造一个能在对话中自我复制的概念结构，研究米姆在社交网络中的传播规律。",
        "requirements": {
            "theory": 40,
            "social": 35,
            "funding": 25
        },
        "effects": {
            "theory": 30,
            "confusion": 45,
            "social": 35,
            "funding": -22
        },
        "achievement": {
            "name": "米姆工程师",
            "description": "创造了一个无法被遗忘的概念"
        }
    },
    {
        "id": "entropy_garden",
        "name": "熵园计划",
        "description": "设计一个违背热力学定律的生态系统，通过量子隧穿效应维持永久的负熵状态。需要物理学和园艺学背景。",
        "requirements": {
            "theory": 94,
            "social": 35,
            "funding": 130
        },
        "effects": {
            "theory": 85,
            "confusion": 97,
            "social": 30,
            "funding": -110
        },
        "achievement": {
            "name": "熵之驯服者",
            "description": "创造了一个永不凋零的生态系统"
        }
    },
    {
        "id": "philosophical_compiler",
        "name": "哲学编译器",
        "description": "开发一个能将哲学文本转换为可执行代码的系统，用程序验证形而上学假设。要求精通编程语言理论和分析哲学。",
        "requirements": {
            "theory": 96,
            "social": 30,
            "funding": 85
        },
        "effects": {
            "theory": 90,
            "confusion": 95,
            "social": 25,
            "funding": -75
        },
        "achievement": {
            "name": "逻辑炼金术士",
            "description": "成功运行了黑格尔辩证法的源代码"
        }
    },
    {
        "id": "spectral_archaeology",
        "name": "光谱考古项目",
        "description": "使用光谱分析技术重建历史场景的情感氛围，要求同时具备光学物理和心理史学的知识背景。",
        "requirements": {
            "theory": 89,
            "social": 40,
            "funding": 95
        },
        "effects": {
            "theory": 78,
            "confusion": 93,
            "social": 35,
            "funding": -85
        },
        "achievement": {
            "name": "情感考古学家",
            "description": "成功复原了一个世纪前的情感光谱"
        }
    },
    {
        "id": "quantum_social",
        "name": "量子社会学实验",
        "description": "研究社交网络中的量子纠缠效应，探索人际关系的非局域性特征。需要掌握量子力学和社会网络分析。",
        "requirements": {
            "theory": 93,
            "social": 55,
            "funding": 90
        },
        "effects": {
            "theory": 85,
            "confusion": 94,
            "social": 40,
            "funding": -80
        },
        "achievement": {
            "name": "关系纠缠者",
            "description": "证明了社交距离的量子叠加性"
        }
    },
    {
        "id": "temporal_archive",
        "name": "时间档案馆",
        "description": "创建一个跨越过去未来的档案系统，同时记录已发生和尚未发生的事件。要求熟悉档案学和预测学理论。",
        "requirements": {
            "theory": 90,
            "social": 45,
            "funding": 100
        },
        "effects": {
            "theory": 82,
            "confusion": 96,
            "social": 30,
            "funding": -90
        },
        "achievement": {
            "name": "时间档案员",
            "description": "成功归档了一个还未发生的历史事件"
        }
    }
]