[
    {
        "id": "phenomenology_lab",
        "name": "现象学实验空间",
        "description": "一个完全黑暗的空间，观众必须放弃视觉感官，通过触觉和听觉重新认知艺术。",
        "common_translation": "就是一个黑房间，让人在里面摸来摸去",
        "sarcastic_comment": "花了十万装修费做了个'伸手不见五指'体验馆",
        "requirements": {
            "theory": 20,
            "academic": 15,
            "funding": 30
        },
        "effects": {
            "theory": 25,
            "paradigm": 30,
            "academic": 8,
            "funding": -30,
            "anxiety": 15,
            "reality": -12,
            "sarcasm": 5
        },
        "achievement": {
            "name": "感知研究者",
            "description": "成功让观众质疑了自己的所有感官经验"
        }
    },
    {
        "id": "archive_space",
        "name": "媒体考古实验室",
        "description": "收集了从留声机到区块链的所有过时媒体设备，研究技术退化的美学价值。",
        "common_translation": "收集各种老古董机器，研究它们为什么被淘汰",
        "sarcastic_comment": "把电子垃圾堆叫做'媒体考古现场'",
        "requirements": {
            "theory": 30,
            "academic": 20,
            "funding": 50
        },
        "effects": {
            "theory": 20,
            "paradigm": 25,
            "academic": 12,
            "funding": -45,
            "anxiety": 10,
            "reality": -8,
            "sarcasm": 15
        },
        "achievement": {
            "name": "媒体考古学家",
            "description": "成功修复了一台无法修复的设备"
        }
    },
    {
        "id": "cognitive_space",
        "name": "认知科学艺术空间",
        "description": "将脑电波数据可视化的实验室，观众必须通过脑机接口才能激活作品。",
        "common_translation": "戴个头盔测脑电波，在屏幕上显示你的想法",
        "sarcastic_comment": "花三十万买设备，就为了证明观众确实在思考",
        "requirements": {
            "theory": 45,
            "academic": 25,
            "funding": 80
        },
        "effects": {
            "theory": 30,
            "paradigm": 35,
            "academic": 15,
            "funding": -70,
            "anxiety": 20,
            "reality": -15,
            "sarcasm": 8
        },
        "achievement": {
            "name": "意识探索者",
            "description": "成功让观众看见了自己的思维"
        }
    },
    {
        "id": "quantum_art_lab",
        "name": "量子艺术实验室",
        "description": "基于量子纠缠原理的跨地域艺术空间，两地观众的行为会相互影响作品状态。",
        "common_translation": "在两个地方放摄像头，告诉观众你们的行为会互相影响",
        "sarcastic_comment": "花一百万做了个'隔空互动'的魔术表演",
        "requirements": {
            "theory": 60,
            "academic": 35,
            "funding": 80
        },
        "effects": {
            "theory": 35,
            "paradigm": 45,
            "academic": 20,
            "funding": -100,
            "anxiety": 25,
            "reality": -20,
            "sarcasm": 12
        },
        "achievement": {
            "name": "量子艺术家",
            "description": "成功创造了一个同时存在和不存在的作品"
        }
    },
    {
        "id": "anthropocene_lab",
        "name": "人类世研究空间",
        "description": "研究人类活动对地球系统影响的实验室，必须采集真实的环境数据。",
        "common_translation": "安装各种传感器监测空气质量，做成数据可视化",
        "sarcastic_comment": "用高耗能设备监测环境污染，然后说是为了环保",
        "requirements": {
            "theory": 40,
            "academic": 30,
            "funding": 70
        },
        "effects": {
            "theory": 25,
            "paradigm": 30,
            "academic": 18,
            "funding": -60,
            "anxiety": 18,
            "reality": -10,
            "sarcasm": 20
        },
        "achievement": {
            "name": "人类世见证者",
            "description": "成功用艺术记录了一个物种的消失"
        }
    },
    {
        "id": "post_internet_lab",
        "name": "后互联网研究所",
        "description": "研究网络时代信息过载的实验空间，所有作品必须同时在线上线下呈现。",
        "requirements": {
            "theory": 50,
            "academic": 25,
            "funding": 90
        },
        "effects": {
            "theory": 28,
            "paradigm": 35,
            "academic": 15,
            "funding": -80,
            "anxiety": 22,
            "reality": -12,
            "sarcasm": 18
        },
        "achievement": {
            "name": "数据洪流掌控者",
            "description": "成功在信息过载中制造了更多信息过载"
        }
    },
    {
        "id": "system_aesthetics",
        "name": "系统美学实验室",
        "description": "研究复杂系统的自组织美学，要求作品必须是一个自运行的生态系统。",
        "requirements": {
            "theory": 70,
            "academic": 40,
            "funding": 70
        },
        "effects": {
            "theory": 40,
            "paradigm": 50,
            "academic": 20,
            "funding": -90,
            "anxiety": 25,
            "reality": -18,
            "sarcasm": 10
        },
        "achievement": {
            "name": "系统构建者",
            "description": "创造了一个自我维持的艺术生态系统"
        }
    },
    {
        "id": "time_based_art",
        "name": "时基媒体研究中心",
        "description": "专注于时间维度的艺术实践，作品必须跨越过去、现在和未来三个时间维度，要求掌握档案学和未来学理论。",
        "requirements": {
            "theory": 80,
            "academic": 50,
            "funding": 100
        },
        "effects": {
            "theory": 50,
            "paradigm": 60,
            "academic": 30,
            "funding": -130,
            "anxiety": 35,
            "reality": -25,
            "sarcasm": 15
        },
        "achievement": {
            "name": "时间编织者",
            "description": "成功让观众在同一时刻体验了三个时间维度"
        }
    },
    {
        "id": "critical_code",
        "name": "批判性编程空间",
        "description": "探索代码作为文化文本的实验室，所有作品都必须以源代码形式呈现。",
        "requirements": {
            "theory": 55,
            "academic": 30,
            "funding": 60
        },
        "effects": {
            "theory": 32,
            "paradigm": 40,
            "academic": 12,
            "funding": -50,
            "anxiety": 15,
            "reality": -8,
            "sarcasm": 25
        },
        "achievement": {
            "name": "代码诗人",
            "description": "用一段无法运行的代码表达了深刻的哲学思考"
        }
    },
    {
        "id": "posthuman_studio",
        "name": "后人类艺术工作室",
        "description": "研究人工智能、生物科技与艺术创作的交互实验室。",
        "requirements": {
            "theory": 80,
            "academic": 50,
            "funding": 120
        },
        "effects": {
            "theory": 45,
            "paradigm": 50,
            "academic": 25,
            "funding": -110,
            "anxiety": 30,
            "reality": -20,
            "sarcasm": 12
        },
        "achievement": {
            "name": "后人类艺术家",
            "description": "成功与AI合作完成了一件连自己都看不懂的作品"
        }
    },
    {
        "id": "archaeology_media",
        "name": "媒体考古发掘场",
        "description": "重新发现和激活废弃媒体技术的实验空间，要求对每件技术废墟进行系谱学分析和功能重构。",
        "requirements": {
            "theory": 83,
            "academic": 35,
            "funding": 80
        },
        "effects": {
            "theory": 70,
            "academic": 25,
            "paradigm": 85,
            "funding": -70
        },
        "achievement": {
            "name": "数字考古学家",
            "description": "成功让一台1980年代的计算机运行了Web3程序"
        }
    },
    {
        "id": "embodied_cognition",
        "name": "具身认知实验室",
        "description": "研究身体、空间与认知的关系，观众必须通过特定的身体姿势才能触发作品，要求熟悉现象学和认知科学。",
        "requirements": {
            "theory": 87,
            "academic": 45,
            "funding": 75
        },
        "effects": {
            "theory": 80,
            "academic": 35,
            "paradigm": 90,
            "funding": -65
        },
        "achievement": {
            "name": "身体解码者",
            "description": "设计出一个只有特定姿势才能理解的装置"
        }
    },
    {
        "id": "basic_studio",
        "name": "基础工作室",
        "description": "简单的艺术创作空间，适合初学者进行基础实验和理论学习。",
        "requirements": {
            "theory": 0,
            "academic": 0,
            "funding": 5
        },
        "effects": {
            "theory": 15,
            "academic": 8,
            "paradigm": 10,
            "funding": -3
        },
        "achievement": {
            "name": "艺术启蒙者",
            "description": "踏出了新媒体艺术的第一步"
        }
    }
]