[
    {
        "id": "basic_reading",
        "name": "基础理论阅读",
        "description": "从基础艺术理论开始，建立对新媒体艺术的初步认识。",
        "requirements": {
            "theory": 0,
            "social": 0,
            "funding": 2
        },
        "effects": {
            "theory": 20,
            "confusion": 15,
            "social": 5,
            "funding": -2
        }
    },
    {
        "id": "online_course",
        "name": "在线课程学习",
        "description": "参加网络上的新媒体艺术入门课程，快速了解基本概念。",
        "requirements": {
            "theory": 10,
            "social": 0,
            "funding": 8
        },
        "effects": {
            "theory": 25,
            "confusion": 20,
            "social": 10,
            "funding": -5
        }
    },
    {
        "id": "workshop_basic",
        "name": "基础工作坊",
        "description": "参加入门级的技术工作坊，学习基本的数字艺术技能。",
        "requirements": {
            "theory": 15,
            "social": 10,
            "funding": 15
        },
        "effects": {
            "theory": 20,
            "confusion": 25,
            "social": 15,
            "funding": -12
        }
    },
    {
        "id": "neuroscience_training",
        "name": "神经科学训练营",
        "description": "参加神经科学实验室培训，学习脑电图数据采集和意识状态分析。",
        "requirements": {
            "theory": 25,
            "social": 15,
            "funding": 30
        },
        "effects": {
            "theory": 35,
            "confusion": 30,
            "social": -10,
            "funding": -25
        }
    },
    {
        "id": "quantum_workshop",
        "name": "量子计算工作坊",
        "description": "参加IBM量子计算实验室的特训，学习量子比特操作和量子纠缠原理。",
        "requirements": {
            "theory": 35,
            "social": 12,
            "funding": 25
        },
        "effects": {
            "theory": 30,
            "confusion": 40,
            "social": -8,
            "funding": -20
        }
    },
    {
        "id": "phenomenology_study",
        "name": "现象学研修",
        "description": "进行现象学密集阅读，研究梅洛庞蒂的身体现象学和当代具身认知理论。",
        "requirements": {
            "theory": 30,
            "social": 8,
            "funding": 18
        },
        "effects": {
            "theory": 40,
            "confusion": 35,
            "social": -12,
            "funding": -15
        }
    },
    {
        "id": "biotechnology_lab",
        "name": "生物技术实验室",
        "description": "在合成生物学实验室进行研究，学习基因编辑和活体材料培养技术。",
        "requirements": {
            "theory": 30,
            "social": 15,
            "funding": 40
        },
        "effects": {
            "theory": 25,
            "confusion": 35,
            "social": -5,
            "funding": -35
        }
    },
    {
        "id": "media_archaeology",
        "name": "媒体考古研究",
        "description": "对二十世纪的废弃媒体技术进行系统性研究，建立技术进化的谱系图。",
        "requirements": {
            "theory": 25,
            "social": 20,
            "funding": 25
        },
        "effects": {
            "theory": 30,
            "confusion": 25,
            "social": 15,
            "funding": -20
        }
    },
    {
        "id": "critical_coding",
        "name": "批判性编程实践",
        "description": "研究软件studies理论，同时进行实验性编程创作。",
        "requirements": {
            "theory": 28,
            "social": 12,
            "funding": 20
        },
        "effects": {
            "theory": 35,
            "confusion": 30,
            "social": -10,
            "funding": -18
        }
    },
    {
        "id": "system_theory",
        "name": "系统论研究",
        "description": "深入研究复杂系统理论和控制论，为创建自组织艺术系统做理论准备。",
        "requirements": {
            "theory": 35,
            "social": 10,
            "funding": 22
        },
        "effects": {
            "theory": 40,
            "confusion": 40,
            "social": -15,
            "funding": -20
        }
    },
    {
        "id": "anthropocene_research",
        "name": "人类世研究计划",
        "description": "进行跨学科的人类世理论研究，结合地质学、生态学和哲学。",
        "requirements": {
            "theory": 30,
            "social": 20,
            "funding": 25
        },
        "effects": {
            "theory": 35,
            "confusion": 30,
            "social": 20,
            "funding": -22
        }
    },
    {
        "id": "theoretical_framework",
        "name": "理论框架构建",
        "description": "整合拉图尔、德勒兹和阿甘本的理论，构建新物质主义分析框架。",
        "requirements": {
            "theory": 40,
            "social": 10,
            "funding": 15
        },
        "effects": {
            "theory": 45,
            "confusion": 35,
            "social": -12,
            "funding": -12
        }
    },
    {
        "id": "advanced_programming",
        "name": "高级算法研修",
        "description": "学习量子计算和神经网络算法，为创建认知艺术系统做准备。",
        "requirements": {
            "theory": 32,
            "social": 12,
            "funding": 25
        },
        "effects": {
            "theory": 30,
            "confusion": 35,
            "social": -8,
            "funding": -22
        }
    },
    {
        "id": "field_research",
        "name": "田野调查计划",
        "description": "在废弃的数据中心进行考古学研究，采集电子垃圾中的技术痕迹。",
        "requirements": {
            "theory": 22,
            "social": 25,
            "funding": 20
        },
        "effects": {
            "theory": 25,
            "confusion": 25,
            "social": 25,
            "funding": -18
        }
    },
    {
        "id": "prototype_development",
        "name": "原型系统开发",
        "description": "开发一个基于脑机接口的意识可视化系统原型。",
        "requirements": {
            "theory": 35,
            "social": 15,
            "funding": 30
        },
        "effects": {
            "theory": 25,
            "confusion": 40,
            "social": -10,
            "funding": -28
        }
    },
    {
        "id": "interdisciplinary_seminar",
        "name": "跨学科研讨会",
        "description": "组织一场结合量子物理、认知科学和媒体理论的闭门研讨。",
        "requirements": {
            "theory": 30,
            "social": 30,
            "funding": 25
        },
        "effects": {
            "theory": 35,
            "confusion": 25,
            "social": 30,
            "funding": -22
        }
    },
    {
        "id": "technical_experiment",
        "name": "技术实验探索",
        "description": "进行为期六个月的全息投影技术实验，研究量子纠缠态在视觉呈现中的应用可能。",
        "requirements": {
            "theory": 82,
            "social": 25,
            "funding": 90
        },
        "effects": {
            "theory": 70,
            "confusion": 88,
            "social": -15,
            "funding": -80
        }
    },
    {
        "id": "philosophical_writing",
        "name": "哲学论文写作",
        "description": "撰写一篇关于后数字时代本体论的学术论文，需要融合海德格尔技术哲学和当代媒体理论。",
        "requirements": {
            "theory": 90,
            "social": 30,
            "funding": 45
        },
        "effects": {
            "theory": 95,
            "confusion": 92,
            "social": -20,
            "funding": -40
        }
    },
    {
        "id": "archive_methodology",
        "name": "档案学方法研究",
        "description": "研发一种适用于数字时代的新档案学方法，要求能同时处理物理实体和虚拟数据的归档问题。",
        "requirements": {
            "theory": 78,
            "social": 35,
            "funding": 65
        },
        "effects": {
            "theory": 80,
            "confusion": 75,
            "social": -10,
            "funding": -55
        }
    }
]